<?xml version="1.0" encoding="UTF-8"?>
<configurationDescriptor version="100">
  <logicalFolder name="root" displayName="root" projectFiles="true" kind="ROOT">
    <df root="." name="0">
      <in>error.c</in>
      <in>log.c</in>
      <in>main.c</in>
      <in>options.c</in>
      <in>time.c</in>
      <in>tty.c</in>
    </df>
    <logicalFolder name="ExternalFiles"
                   displayName="Important Files"
                   projectFiles="false"
                   kind="IMPORTANT_FILES_FOLDER">
      <itemPath>Makefile</itemPath>
      <itemPath>nbproject/private/launcher.properties</itemPath>
    </logicalFolder>
  </logicalFolder>
  <sourceFolderFilter>^(nbproject)$</sourceFolderFilter>
  <sourceRootList>
    <Elem>.</Elem>
  </sourceRootList>
  <projectmakefile>Makefile</projectmakefile>
  <confs>
    <conf name="Default" type="0">
      <toolsSet>
        <compilerSet>default</compilerSet>
        <dependencyChecking>false</dependencyChecking>
        <rebuildPropChanged>false</rebuildPropChanged>
      </toolsSet>
      <flagsDictionary>
        <element flagsID="0" commonFlags="-mtune=generic -march=x86-64 -g -O2"/>
      </flagsDictionary>
      <codeAssistance>
      </codeAssistance>
      <makefileType>
        <makeTool>
          <buildCommandWorkingDir>.</buildCommandWorkingDir>
          <buildCommand>${MAKE} -f Makefile</buildCommand>
          <cleanCommand>${MAKE} -f Makefile clean</cleanCommand>
          <executablePath>tio</executablePath>
          <cTool>
            <incDir>
              <pElem>include/tio</pElem>
              <pElem>include</pElem>
              <pElem>.</pElem>
            </incDir>
          </cTool>
        </makeTool>
        <preBuild>
          <preBuildCommandWorkingDir>.</preBuildCommandWorkingDir>
          <preBuildCommand></preBuildCommand>
        </preBuild>
      </makefileType>
      <item path="error.c" ex="false" tool="0" flavor2="3">
        <cTool flags="0">
        </cTool>
      </item>
      <item path="log.c" ex="false" tool="0" flavor2="3">
        <cTool flags="0">
        </cTool>
      </item>
      <item path="main.c" ex="false" tool="0" flavor2="3">
        <cTool flags="0">
        </cTool>
      </item>
      <item path="options.c" ex="false" tool="0" flavor2="3">
        <cTool flags="0">
        </cTool>
      </item>
      <item path="time.c" ex="false" tool="0" flavor2="3">
        <cTool flags="0">
        </cTool>
      </item>
      <item path="tty.c" ex="false" tool="0" flavor2="3">
        <cTool flags="0">
        </cTool>
      </item>
    </conf>
  </confs>
</configurationDescriptor>
